path,area,category,owner,management,size_bytes,line_count,role,review_note
.dockerignore,.dockerignore,project metadata,project-maintenance,managed by root project metadata,1990,52,supporting-file,supporting project file
.env,.env,project metadata,project-maintenance,managed by root project metadata,4724,115,environment-template,supporting project file
.env.compose.example,.env.compose.example,project metadata,project-maintenance,managed by root project metadata,4522,117,environment-template,supporting project file
.env.example,.env.example,project metadata,project-maintenance,managed by root project metadata,2347,80,environment-template,supporting project file
.env.local.example,.env.local.example,project metadata,project-maintenance,managed by root project metadata,2334,79,environment-template,supporting project file
.gitignore,.gitignore,project metadata,project-maintenance,managed by root project metadata,1966,48,supporting-file,supporting project file
.gitlab-ci.yml,.gitlab-ci.yml,project metadata,project-maintenance,managed by root project metadata,4970,174,structured-data,supporting project file
.python-version,.python-version,project metadata,project-maintenance,managed by root project metadata,8,1,environment-template,supporting project file
CHANGELOG.md,CHANGELOG.md,project metadata,project-maintenance,managed by root project metadata,15640,164,documentation,supporting project file
Dockerfile,Dockerfile,project metadata,project-maintenance,managed by root project metadata,1019,30,build-command,supporting project file
Makefile,Makefile,project metadata,project-maintenance,managed by root project metadata,18028,377,build-command,supporting project file
README.md,README.md,project metadata,project-maintenance,managed by root project metadata,18434,423,entrypoint,primary navigation or current-state entrypoint; keep synchronized with Makefile and reports
VERSION,VERSION,project metadata,project-maintenance,managed by root project metadata,11,1,supporting-file,supporting project file
adr/0002-signal-only-risk-contract.md,adr,architecture decision record,project-maintenance,managed by root project metadata,700,21,documentation,supporting project file
adr/0003-all-vllm-runtime.md,adr,architecture decision record,project-maintenance,managed by root project metadata,584,21,documentation,supporting project file
adr/0004-port-policy-9400.md,adr,architecture decision record,project-maintenance,managed by root project metadata,857,15,documentation,supporting project file
assets/ai_model_serving_system_architecture.webp,assets,project metadata,project-maintenance,managed by root project metadata,101790,0,supporting-file,supporting project file
configs/command_terminology_policy.yaml,configs,configuration source of truth,configuration,managed by configuration lifecycle,3385,102,structured-data,configuration source; validate through governance and projection checks after edits
configs/gpu_budgets.yaml,configs,configuration source of truth,configuration,managed by configuration lifecycle,3190,104,structured-data,configuration source; validate through governance and projection checks after edits
configs/logging_policy.yaml,configs,configuration source of truth,configuration,managed by configuration lifecycle,328,21,structured-data,configuration source; validate through governance and projection checks after edits
configs/model_catalog.yaml,configs,configuration source of truth,configuration,managed by configuration lifecycle,10637,350,structured-data,configuration source; validate through governance and projection checks after edits
configs/model_serving.yaml,configs,configuration source of truth,configuration,managed by configuration lifecycle,8024,279,structured-data,configuration source; validate through governance and projection checks after edits
configs/monitoring.yaml,configs,configuration source of truth,configuration,managed by configuration lifecycle,9975,312,structured-data,configuration source; validate through governance and projection checks after edits
configs/ports.yaml,configs,configuration source of truth,configuration,managed by configuration lifecycle,454,26,structured-data,configuration source; validate through governance and projection checks after edits
configs/recommended_images.yaml,configs,configuration source of truth,configuration,managed by configuration lifecycle,2701,66,structured-data,configuration source; validate through governance and projection checks after edits
configs/retired_source_cleanup_policy.yaml,configs,configuration source of truth,configuration,managed by configuration lifecycle,2374,69,structured-data,configuration source; validate through governance and projection checks after edits
configs/risk_taxonomy.yaml,configs,configuration source of truth,configuration,managed by configuration lifecycle,3291,68,structured-data,configuration source; validate through governance and projection checks after edits
configs/runtime_compatibility.yaml,configs,configuration source of truth,configuration,managed by configuration lifecycle,1409,36,structured-data,configuration source; validate through governance and projection checks after edits
configs/storage_paths.yaml,configs,configuration source of truth,configuration,managed by configuration lifecycle,4122,133,structured-data,configuration source; validate through governance and projection checks after edits
contracts/api_contract_matrix.csv,contracts,contract registry,project-maintenance,managed by root project metadata,2801,16,structured-data,supporting project file
contracts/model_contracts.yaml,contracts,contract registry,project-maintenance,managed by root project metadata,575,21,structured-data,supporting project file
docs/00_executive_summary.md,docs,documentation,documentation,managed by documentation map,1780,46,documentation,documentation; keep relative links valid and avoid duplicating current command flow
docs/01_project_background.md,docs,documentation,documentation,managed by documentation map,1105,20,documentation,documentation; keep relative links valid and avoid duplicating current command flow
docs/02_decision_register.md,docs,documentation,documentation,managed by documentation map,2065,26,documentation,documentation; keep relative links valid and avoid duplicating current command flow
docs/06_architecture.md,docs,documentation,documentation,managed by documentation map,1334,35,documentation,documentation; keep relative links valid and avoid duplicating current command flow
docs/07_project_structure.md,docs,documentation,documentation,managed by documentation map,1261,19,documentation,documentation; keep relative links valid and avoid duplicating current command flow
docs/README.md,docs,documentation,documentation,managed by documentation map,8227,114,entrypoint,primary navigation or current-state entrypoint; keep synchronized with Makefile and reports
docs/development/README.md,docs,documentation,documentation,managed by documentation map,1207,28,documentation,documentation; keep relative links valid and avoid duplicating current command flow
docs/development/build_ux.md,docs,documentation,documentation,managed by documentation map,14333,216,documentation,documentation; keep relative links valid and avoid duplicating current command flow
docs/development/final_checklist.md,docs,documentation,documentation,managed by documentation map,715,16,documentation,documentation; keep relative links valid and avoid duplicating current command flow
docs/development/logging_policy.md,docs,documentation,documentation,managed by documentation map,523,24,documentation,documentation; keep relative links valid and avoid duplicating current command flow
docs/development/python_compatibility.md,docs,documentation,documentation,managed by documentation map,1747,36,documentation,documentation; keep relative links valid and avoid duplicating current command flow
docs/development/test_strategy.md,docs,documentation,documentation,managed by documentation map,610,15,documentation,documentation; keep relative links valid and avoid duplicating current command flow
docs/governance/document_management.md,docs,documentation,documentation,managed by documentation map,1439,32,documentation,documentation; keep relative links valid and avoid duplicating current command flow
docs/governance/policies/command_terminology_policy.md,docs,documentation,documentation,managed by documentation map,1627,28,documentation,documentation; keep relative links valid and avoid duplicating current command flow
docs/governance/policies/retired_source_cleanup_policy.md,docs,documentation,documentation,managed by documentation map,1853,25,documentation,documentation; keep relative links valid and avoid duplicating current command flow
docs/governance/terminology.md,docs,documentation,documentation,managed by documentation map,1250,19,documentation,documentation; keep relative links valid and avoid duplicating current command flow
docs/models/gemma4_31b_awq_review.md,docs,documentation,documentation,managed by documentation map,923,29,documentation,documentation; keep relative links valid and avoid duplicating current command flow
docs/models/model_cards.md,docs,documentation,documentation,managed by documentation map,929,19,documentation,documentation; keep relative links valid and avoid duplicating current command flow
docs/models/model_runtime_source_review.md,docs,documentation,documentation,managed by documentation map,1054,18,documentation,documentation; keep relative links valid and avoid duplicating current command flow
docs/operations/admin_metrics_docs_exposure_policy.md,docs,documentation,documentation,managed by documentation map,3898,55,documentation,documentation; keep relative links valid and avoid duplicating current command flow
docs/operations/auth_control_plane.md,docs,documentation,documentation,managed by documentation map,6146,83,documentation,documentation; keep relative links valid and avoid duplicating current command flow
docs/operations/configuration_lifecycle.md,docs,documentation,documentation,managed by documentation map,5269,102,entrypoint,primary navigation or current-state entrypoint; keep synchronized with Makefile and reports
docs/operations/day0_quickstart.md,docs,documentation,documentation,managed by documentation map,9325,209,entrypoint,primary navigation or current-state entrypoint; keep synchronized with Makefile and reports
docs/operations/endpoint_reference.md,docs,documentation,documentation,managed by documentation map,8170,198,documentation,documentation; keep relative links valid and avoid duplicating current command flow
docs/operations/first_project_guide.md,docs,documentation,documentation,managed by documentation map,10820,255,documentation,documentation; keep relative links valid and avoid duplicating current command flow
docs/operations/full_stack_runtime.md,docs,documentation,documentation,managed by documentation map,4602,61,documentation,documentation; keep relative links valid and avoid duplicating current command flow
docs/operations/full_stack_troubleshooting.md,docs,documentation,documentation,managed by documentation map,9011,117,documentation,documentation; keep relative links valid and avoid duplicating current command flow
docs/operations/gitlab_cicd_deployment.md,docs,documentation,documentation,managed by documentation map,4070,103,documentation,documentation; keep relative links valid and avoid duplicating current command flow
docs/operations/model_parameter_discovery.md,docs,documentation,documentation,managed by documentation map,4079,77,documentation,documentation; keep relative links valid and avoid duplicating current command flow
docs/operations/model_runtime_control.md,docs,documentation,documentation,managed by documentation map,4656,51,documentation,documentation; keep relative links valid and avoid duplicating current command flow
docs/operations/monitoring_ux.md,docs,documentation,documentation,managed by documentation map,7897,156,documentation,documentation; keep relative links valid and avoid duplicating current command flow
docs/operations/operator_workflows.md,docs,documentation,documentation,managed by documentation map,4173,121,entrypoint,primary navigation or current-state entrypoint; keep synchronized with Makefile and reports
docs/operations/project_management_ux.md,docs,documentation,documentation,managed by documentation map,3940,105,entrypoint,primary navigation or current-state entrypoint; keep synchronized with Makefile and reports
docs/operations/project_state_maintainability_review.md,docs,documentation,documentation,managed by documentation map,7017,115,documentation,documentation; keep relative links valid and avoid duplicating current command flow
docs/operations/risk_vllm_patch_lifecycle.md,docs,documentation,documentation,managed by documentation map,4474,82,documentation,documentation; keep relative links valid and avoid duplicating current command flow
docs/operations/runtime_validation_workplan.md,docs,documentation,documentation,managed by documentation map,3181,57,documentation,documentation; keep relative links valid and avoid duplicating current command flow
docs/operations/status_board_ux.md,docs,documentation,documentation,managed by documentation map,3536,47,documentation,documentation; keep relative links valid and avoid duplicating current command flow
docs/operations/storage_paths.md,docs,documentation,documentation,managed by documentation map,3212,75,entrypoint,primary navigation or current-state entrypoint; keep synchronized with Makefile and reports
docs/operations/streaming_runtime_operations.md,docs,documentation,documentation,managed by documentation map,6995,124,documentation,documentation; keep relative links valid and avoid duplicating current command flow
docs/operations/ux_ui_review.md,docs,documentation,documentation,managed by documentation map,4449,64,documentation,documentation; keep relative links valid and avoid duplicating current command flow
docs/release/release_checklist.md,docs,documentation,documentation,managed by documentation map,2386,73,entrypoint,primary navigation or current-state entrypoint; keep synchronized with Makefile and reports
docs/release/versioning_policy.md,docs,documentation,documentation,managed by documentation map,2948,67,documentation,documentation; keep relative links valid and avoid duplicating current command flow
docs/resources/README.md,docs,documentation,documentation,managed by documentation map,329,8,documentation,documentation; keep relative links valid and avoid duplicating current command flow
docs/resources/gpu_resource_plan.md,docs,documentation,documentation,managed by documentation map,3268,95,documentation,documentation; keep relative links valid and avoid duplicating current command flow
docs/resources/gpu_resource_requirements_48gb.md,docs,documentation,documentation,managed by documentation map,20476,426,documentation,documentation; keep relative links valid and avoid duplicating current command flow
docs/specs/api.md,docs,documentation,documentation,managed by documentation map,4851,64,documentation,documentation; keep relative links valid and avoid duplicating current command flow
docs/specs/configuration.md,docs,documentation,documentation,managed by documentation map,2198,40,documentation,documentation; keep relative links valid and avoid duplicating current command flow
docs/specs/fastapi_docs_ux.md,docs,documentation,documentation,managed by documentation map,4819,85,documentation,documentation; keep relative links valid and avoid duplicating current command flow
docs/specs/risk_signal_contract.md,docs,documentation,documentation,managed by documentation map,2343,74,documentation,documentation; keep relative links valid and avoid duplicating current command flow
examples/requests/README.md,examples,request example,project-maintenance,managed by root project metadata,8834,241,documentation,supporting project file
harness/contract_test_cases.yaml,harness,runtime validation harness plan/matrix,project-maintenance,managed by root project metadata,759,27,structured-data,supporting project file
harness/gpu_budget_validation_plan.md,harness,runtime validation harness plan/matrix,project-maintenance,managed by root project metadata,1078,17,documentation,supporting project file
harness/runtime_validation_matrix.yaml,harness,runtime validation harness plan/matrix,project-maintenance,managed by root project metadata,2668,81,structured-data,supporting project file
harness/runtime_validation_plan.md,harness,runtime validation harness plan/matrix,project-maintenance,managed by root project metadata,1536,32,documentation,supporting project file
model_cards/local-embed.json,model_cards,model card metadata,project-maintenance,managed by root project metadata,1430,56,structured-data,supporting project file
model_cards/local-main.json,model_cards,model card metadata,project-maintenance,managed by root project metadata,2779,85,structured-data,supporting project file
model_cards/risk-prompt.json,model_cards,model card metadata,project-maintenance,managed by root project metadata,1767,69,structured-data,supporting project file
model_cards/risk-siren.json,model_cards,model card metadata,project-maintenance,managed by root project metadata,1786,71,structured-data,supporting project file
ops/compose/full-stack.example.yaml,ops,compose/monitoring/runtime ops template,operations,managed by operator templates,8089,184,structured-data,supporting project file
ops/compose/full-stack.private-network.yaml,ops,compose/monitoring/runtime ops template,operations,managed by operator templates,9044,339,structured-data,supporting project file
ops/compose/infisical.yaml,ops,compose/monitoring/runtime ops template,operations,managed by operator templates,2199,69,structured-data,supporting project file
ops/docker/Dockerfile.risk-vllm-kanana,ops,compose/monitoring/runtime ops template,operations,managed by operator templates,2868,66,supporting-file,supporting project file
ops/grafana/dashboards/chat_api_deep_dive.json,ops,compose/monitoring/runtime ops template,operations,managed by operator templates,20369,739,structured-data,supporting project file
ops/grafana/dashboards/executive_runtime_overview.json,ops,compose/monitoring/runtime ops template,operations,managed by operator templates,16076,606,structured-data,supporting project file
ops/grafana/dashboards/gpu_capacity_and_oom_risk.json,ops,compose/monitoring/runtime ops template,operations,managed by operator templates,19689,761,structured-data,supporting project file
ops/grafana/dashboards/model_runtime_deep_dive.json,ops,compose/monitoring/runtime ops template,operations,managed by operator templates,14461,555,structured-data,supporting project file
ops/grafana/dashboards/risk_signal_operations.json,ops,compose/monitoring/runtime ops template,operations,managed by operator templates,15425,585,structured-data,supporting project file
ops/grafana/provisioning/dashboards/dashboards.yml,ops,compose/monitoring/runtime ops template,operations,managed by operator templates,353,13,structured-data,supporting project file
ops/grafana/provisioning/datasources/prometheus.yml,ops,compose/monitoring/runtime ops template,operations,managed by operator templates,180,10,structured-data,supporting project file
ops/patches/README.md,ops,compose/monitoring/runtime ops template,operations,managed by operator templates,954,24,documentation,supporting project file
ops/patches/transformers_llama_head_dim_guard.py,ops,compose/monitoring/runtime ops template,operations,managed by operator templates,9797,213,python-source,supporting project file
ops/prometheus/prometheus.yml,ops,compose/monitoring/runtime ops template,operations,managed by operator templates,1237,42,structured-data,supporting project file
ops/prometheus/rules/model_runtime.rules.yml,ops,compose/monitoring/runtime ops template,operations,managed by operator templates,3143,47,structured-data,supporting project file
pyproject.toml,pyproject.toml,project metadata,project-maintenance,managed by root project metadata,822,37,supporting-file,supporting project file
reports/refactor/current_end_to_end_flow_audit.md,reports,current handoff/review report,handoff-reporting,generated/curated for handoff review,5203,108,documentation,handoff/review artifact; avoid stale phase snapshots in active package
reports/refactor/current_feature_ux_full_audit.md,reports,current handoff/review report,handoff-reporting,generated/curated for handoff review,8948,170,documentation,handoff/review artifact; avoid stale phase snapshots in active package
reports/refactor/current_first_run_clean_package_audit.md,reports,current handoff/review report,handoff-reporting,generated/curated for handoff review,7784,154,documentation,handoff/review artifact; avoid stale phase snapshots in active package
reports/refactor/current_full_file_hygiene_audit.md,reports,current handoff/review report,handoff-reporting,generated/curated for handoff review,5249,89,documentation,handoff/review artifact; avoid stale phase snapshots in active package
reports/refactor/current_handoff_summary.md,reports,current handoff/review report,handoff-reporting,generated/curated for handoff review,6431,90,documentation,handoff/review artifact; avoid stale phase snapshots in active package
reports/refactor/current_refactor_state.md,reports,current handoff/review report,handoff-reporting,generated/curated for handoff review,3394,63,entrypoint,primary navigation or current-state entrypoint; keep synchronized with Makefile and reports
reports/refactor/project_inventory_current.csv,reports,current handoff/review report,handoff-reporting,generated/curated for handoff review,58715,287,structured-data,handoff/review artifact; avoid stale phase snapshots in active package
reports/refactor/project_inventory_current.json,reports,current handoff/review report,handoff-reporting,generated/curated for handoff review,121695,3405,structured-data,handoff/review artifact; avoid stale phase snapshots in active package
reports/refactor/project_inventory_current.md,reports,current handoff/review report,handoff-reporting,generated/curated for handoff review,5236,89,documentation,handoff/review artifact; avoid stale phase snapshots in active package
reports/runtime/README.md,reports,runtime/operator generated report,handoff-reporting,generated by operator report commands,603,12,documentation,generated operator report; regenerate through make operator-reports before handoff
reports/runtime/live_evidence_bundle.json,reports,runtime/operator generated report,handoff-reporting,generated by operator report commands,10781,397,structured-data,generated operator report; regenerate through make operator-reports before handoff
reports/runtime/live_evidence_bundle.md,reports,runtime/operator generated report,handoff-reporting,generated by operator report commands,1473,43,documentation,generated operator report; regenerate through make operator-reports before handoff
reports/runtime/monitoring_projection.json,reports,runtime/operator generated report,handoff-reporting,generated by operator report commands,4913,184,structured-data,generated operator report; regenerate through make operator-reports before handoff
reports/runtime/monitoring_projection.md,reports,runtime/operator generated report,handoff-reporting,generated by operator report commands,2592,37,documentation,generated operator report; regenerate through make operator-reports before handoff
reports/runtime/operator_status_bundle.json,reports,runtime/operator generated report,handoff-reporting,generated by operator report commands,19027,623,structured-data,generated operator report; regenerate through make operator-reports before handoff
reports/runtime/operator_status_bundle.md,reports,runtime/operator generated report,handoff-reporting,generated by operator report commands,5459,89,documentation,generated operator report; regenerate through make operator-reports before handoff
reports/runtime/runtime_targets.json,reports,runtime/operator generated report,handoff-reporting,generated by operator report commands,2533,100,structured-data,generated operator report; regenerate through make operator-reports before handoff
reports/runtime/runtime_targets.md,reports,runtime/operator generated report,handoff-reporting,generated by operator report commands,1804,36,documentation,generated operator report; regenerate through make operator-reports before handoff
reports/runtime/storage_paths.json,reports,runtime/operator generated report,handoff-reporting,generated by operator report commands,5210,172,structured-data,generated operator report; regenerate through make operator-reports before handoff
reports/runtime/storage_paths.md,reports,runtime/operator generated report,handoff-reporting,generated by operator report commands,3225,47,documentation,generated operator report; regenerate through make operator-reports before handoff
requirements.lock,requirements.lock,project metadata,project-maintenance,managed by root project metadata,811,35,supporting-file,supporting project file
requirements.runtime.lock,requirements.runtime.lock,project metadata,project-maintenance,managed by root project metadata,579,25,supporting-file,supporting project file
scripts/README.md,scripts,operator/developer command surface,operator-ux,managed by Makefile command UX,12150,163,documentation,operator/developer command; expose through Makefile/help if user-facing
scripts/auth/auth_apply.py,scripts,operator/developer command surface,operator-ux,managed by Makefile command UX,2412,62,python-source,operator/developer command; expose through Makefile/help if user-facing
scripts/auth/auth_doctor.py,scripts,operator/developer command surface,operator-ux,managed by Makefile command UX,1848,47,python-source,operator/developer command; expose through Makefile/help if user-facing
scripts/auth/auth_plan.py,scripts,operator/developer command surface,operator-ux,managed by Makefile command UX,4321,108,python-source,operator/developer command; expose through Makefile/help if user-facing
scripts/auth/auth_profile_sanity.py,scripts,operator/developer command surface,operator-ux,managed by Makefile command UX,1512,39,python-source,operator/developer command; expose through Makefile/help if user-facing
scripts/auth/auth_status.py,scripts,operator/developer command surface,operator-ux,managed by Makefile command UX,1616,44,python-source,operator/developer command; expose through Makefile/help if user-facing
scripts/build/bootstrap.sh,scripts,operator/developer command surface,operator-ux,managed by Makefile command UX,5743,147,shell-command,operator/developer command; expose through Makefile/help if user-facing
scripts/build/build_all.sh,scripts,operator/developer command surface,operator-ux,managed by Makefile command UX,687,21,shell-command,operator/developer command; expose through Makefile/help if user-facing
scripts/build/build_platform_image.sh,scripts,operator/developer command surface,operator-ux,managed by Makefile command UX,353,11,shell-command,operator/developer command; expose through Makefile/help if user-facing
scripts/build/build_risk_vllm_image.sh,scripts,operator/developer command surface,operator-ux,managed by Makefile command UX,2078,58,shell-command,operator/developer command; expose through Makefile/help if user-facing
scripts/build/check_python.py,scripts,operator/developer command surface,operator-ux,managed by Makefile command UX,2355,68,python-source,operator/developer command; expose through Makefile/help if user-facing
scripts/build/package_release.sh,scripts,operator/developer command surface,operator-ux,managed by Makefile command UX,6727,202,shell-command,operator/developer command; expose through Makefile/help if user-facing
scripts/build/reset_version.py,scripts,operator/developer command surface,operator-ux,managed by Makefile command UX,3628,103,python-source,operator/developer command; expose through Makefile/help if user-facing
scripts/ci/deploy_gitlab_compose.sh,scripts,operator/developer command surface,operator-ux,managed by Makefile command UX,5807,153,shell-command,operator/developer command; expose through Makefile/help if user-facing
scripts/compose/compose_diagnostics.sh,scripts,operator/developer command surface,operator-ux,managed by Makefile command UX,2543,40,shell-command,operator/developer command; expose through Makefile/help if user-facing
scripts/compose/compose_up.sh,scripts,operator/developer command surface,operator-ux,managed by Makefile command UX,1177,33,shell-command,operator/developer command; expose through Makefile/help if user-facing
scripts/compose/preflight_compose.sh,scripts,operator/developer command surface,operator-ux,managed by Makefile command UX,4721,140,shell-command,operator/developer command; expose through Makefile/help if user-facing
scripts/compose/validate_vllm_compose.py,scripts,operator/developer command surface,operator-ux,managed by Makefile command UX,6237,143,python-source,operator/developer command; expose through Makefile/help if user-facing
scripts/config/infisical_sync.py,scripts,operator/developer command surface,operator-ux,managed by Makefile command UX,9054,253,python-source,operator/developer command; expose through Makefile/help if user-facing
scripts/config/setup_env.py,scripts,operator/developer command surface,operator-ux,managed by Makefile command UX,15316,362,python-source,operator/developer command; expose through Makefile/help if user-facing
scripts/lib/cli_kr.py,scripts,operator/developer command surface,operator-ux,managed by Makefile command UX,1914,44,python-source,operator/developer command; expose through Makefile/help if user-facing
scripts/lib/load_env.sh,scripts,operator/developer command surface,operator-ux,managed by Makefile command UX,2086,69,shell-command,operator/developer command; expose through Makefile/help if user-facing
scripts/lib/risk_vllm_image.sh,scripts,operator/developer command surface,operator-ux,managed by Makefile command UX,3652,104,shell-command,operator/developer command; expose through Makefile/help if user-facing
scripts/models/check_hf_model_config.py,scripts,operator/developer command surface,operator-ux,managed by Makefile command UX,8443,201,python-source,operator/developer command; expose through Makefile/help if user-facing
scripts/models/check_risk_vllm_image_config.sh,scripts,operator/developer command surface,operator-ux,managed by Makefile command UX,2127,64,shell-command,operator/developer command; expose through Makefile/help if user-facing
scripts/models/model_inventory.py,scripts,operator/developer command surface,operator-ux,managed by Makefile command UX,2433,57,python-source,operator/developer command; expose through Makefile/help if user-facing
scripts/models/modelctl.py,scripts,operator/developer command surface,operator-ux,managed by Makefile command UX,25241,552,python-source,operator/developer command; expose through Makefile/help if user-facing
scripts/models/render_vllm_commands.py,scripts,operator/developer command surface,operator-ux,managed by Makefile command UX,1476,43,python-source,operator/developer command; expose through Makefile/help if user-facing
scripts/models/risk_vllm_patch_removal_check.sh,scripts,operator/developer command surface,operator-ux,managed by Makefile command UX,1278,33,shell-command,operator/developer command; expose through Makefile/help if user-facing
scripts/ops/check_ready.sh,scripts,operator/developer command surface,operator-ux,managed by Makefile command UX,181,6,shell-command,operator/developer command; expose through Makefile/help if user-facing
scripts/ops/clean_all.sh,scripts,operator/developer command surface,operator-ux,managed by Makefile command UX,2656,83,shell-command,operator/developer command; expose through Makefile/help if user-facing
scripts/ops/doctor.sh,scripts,operator/developer command surface,operator-ux,managed by Makefile command UX,1554,43,shell-command,operator/developer command; expose through Makefile/help if user-facing
scripts/ops/down_services.sh,scripts,operator/developer command surface,operator-ux,managed by Makefile command UX,1613,40,shell-command,operator/developer command; expose through Makefile/help if user-facing
scripts/ops/ready_check.sh,scripts,operator/developer command surface,operator-ux,managed by Makefile command UX,272,7,shell-command,operator/developer command; expose through Makefile/help if user-facing
scripts/ops/ready_full.sh,scripts,operator/developer command surface,operator-ux,managed by Makefile command UX,6402,166,shell-command,operator/developer command; expose through Makefile/help if user-facing
scripts/ops/ready_local.sh,scripts,operator/developer command surface,operator-ux,managed by Makefile command UX,1219,38,shell-command,operator/developer command; expose through Makefile/help if user-facing
scripts/ops/reset_all.sh,scripts,operator/developer command surface,operator-ux,managed by Makefile command UX,3841,105,shell-command,operator/developer command; expose through Makefile/help if user-facing
scripts/ops/smoke_test.sh,scripts,operator/developer command surface,operator-ux,managed by Makefile command UX,6226,182,shell-command,operator/developer command; expose through Makefile/help if user-facing
scripts/ops/start_services.sh,scripts,operator/developer command surface,operator-ux,managed by Makefile command UX,237,6,shell-command,operator/developer command; expose through Makefile/help if user-facing
scripts/ops/status_services.sh,scripts,operator/developer command surface,operator-ux,managed by Makefile command UX,3042,90,shell-command,operator/developer command; expose through Makefile/help if user-facing
scripts/ops/stop_services.sh,scripts,operator/developer command surface,operator-ux,managed by Makefile command UX,238,6,shell-command,operator/developer command; expose through Makefile/help if user-facing
scripts/ops/up_services.sh,scripts,operator/developer command surface,operator-ux,managed by Makefile command UX,2877,81,shell-command,operator/developer command; expose through Makefile/help if user-facing
scripts/reports/live_evidence_bundle.py,scripts,operator/developer command surface,operator-ux,managed by Makefile command UX,2620,55,python-source,operator/developer command; expose through Makefile/help if user-facing
scripts/reports/monitoring_projection_report.py,scripts,operator/developer command surface,operator-ux,managed by Makefile command UX,1383,43,python-source,operator/developer command; expose through Makefile/help if user-facing
scripts/reports/operator_guide.py,scripts,operator/developer command surface,operator-ux,managed by Makefile command UX,5891,160,python-source,operator/developer command; expose through Makefile/help if user-facing
scripts/reports/operator_status_bundle.py,scripts,operator/developer command surface,operator-ux,managed by Makefile command UX,1677,47,python-source,operator/developer command; expose through Makefile/help if user-facing
scripts/reports/project_inventory_report.py,scripts,operator/developer command surface,operator-ux,managed by Makefile command UX,484,21,python-source,operator/developer command; expose through Makefile/help if user-facing
scripts/reports/refresh_generated_reports.py,scripts,operator/developer command surface,operator-ux,managed by Makefile command UX,801,29,python-source,operator/developer command; expose through Makefile/help if user-facing
scripts/reports/runtime_targets_report.py,scripts,operator/developer command surface,operator-ux,managed by Makefile command UX,1193,39,python-source,operator/developer command; expose through Makefile/help if user-facing
scripts/reports/storage_paths_report.py,scripts,operator/developer command surface,operator-ux,managed by Makefile command UX,928,28,python-source,operator/developer command; expose through Makefile/help if user-facing
scripts/validation/openapi_snapshot_diff.py,scripts,operator/developer command surface,operator-ux,managed by Makefile command UX,8021,178,python-source,operator/developer command; expose through Makefile/help if user-facing
scripts/validation/release_check.py,scripts,operator/developer command surface,operator-ux,managed by Makefile command UX,5191,116,python-source,operator/developer command; expose through Makefile/help if user-facing
scripts/validation/run_tests.py,scripts,operator/developer command surface,operator-ux,managed by Makefile command UX,1324,41,python-source,operator/developer command; expose through Makefile/help if user-facing
scripts/validation/runtime_validation.py,scripts,operator/developer command surface,operator-ux,managed by Makefile command UX,643,27,python-source,operator/developer command; expose through Makefile/help if user-facing
scripts/validation/validate_contracts.py,scripts,operator/developer command surface,operator-ux,managed by Makefile command UX,330,14,python-source,operator/developer command; expose through Makefile/help if user-facing
specs/openapi.gateway.yaml,specs,OpenAPI/JSON schema contract,api-contracts,managed by root project metadata,15575,425,structured-data,supporting project file
specs/openapi.risk-adapter.yaml,specs,OpenAPI/JSON schema contract,api-contracts,managed by root project metadata,9636,290,structured-data,supporting project file
specs/schemas/chat_completion_request.schema.json,specs,OpenAPI/JSON schema contract,api-contracts,managed by root project metadata,7822,339,structured-data,supporting project file
specs/schemas/chat_completion_response.schema.json,specs,OpenAPI/JSON schema contract,api-contracts,managed by root project metadata,1301,41,structured-data,supporting project file
specs/schemas/common_error.schema.json,specs,OpenAPI/JSON schema contract,api-contracts,managed by root project metadata,1145,52,structured-data,supporting project file
specs/schemas/embedding_request.schema.json,specs,OpenAPI/JSON schema contract,api-contracts,managed by root project metadata,677,25,structured-data,supporting project file
specs/schemas/embedding_response.schema.json,specs,OpenAPI/JSON schema contract,api-contracts,managed by root project metadata,994,52,structured-data,supporting project file
specs/schemas/model_list_response.schema.json,specs,OpenAPI/JSON schema contract,api-contracts,managed by root project metadata,2039,75,structured-data,supporting project file
specs/schemas/readiness_response.schema.json,specs,OpenAPI/JSON schema contract,api-contracts,managed by root project metadata,1511,79,structured-data,supporting project file
specs/schemas/risk_assessment_request.schema.json,specs,OpenAPI/JSON schema contract,api-contracts,managed by root project metadata,303,16,structured-data,supporting project file
specs/schemas/risk_assessment_response.schema.json,specs,OpenAPI/JSON schema contract,api-contracts,managed by root project metadata,7291,373,structured-data,supporting project file
src/ai_model_serving/__init__.py,src,application/control-plane source,application,managed by package source layout,0,0,python-source,application code; preserve public API behavior and compatibility facades
src/ai_model_serving/app_kernel.py,src,application/control-plane source,application,managed by package source layout,6177,162,python-source,application code; preserve public API behavior and compatibility facades
src/ai_model_serving/apps/__init__.py,src,application/control-plane source,application,managed by package source layout,0,0,python-source,application code; preserve public API behavior and compatibility facades
src/ai_model_serving/apps/gateway.py,src,application/control-plane source,application,managed by package source layout,22656,479,python-source,application code; preserve public API behavior and compatibility facades
src/ai_model_serving/apps/risk_adapter.py,src,application/control-plane source,application,managed by package source layout,14401,353,python-source,application code; preserve public API behavior and compatibility facades
src/ai_model_serving/auth_control.py,src,application/control-plane source,application,managed by package source layout,11231,232,python-source,application code; preserve public API behavior and compatibility facades
src/ai_model_serving/contracts/__init__.py,src,application/control-plane source,api-contracts,managed by package source layout,656,18,python-source,application code; preserve public API behavior and compatibility facades
src/ai_model_serving/contracts/chat.py,src,application/control-plane source,api-contracts,managed by package source layout,17105,290,python-source,application code; preserve public API behavior and compatibility facades
src/ai_model_serving/contracts/common.py,src,application/control-plane source,api-contracts,managed by package source layout,851,30,python-source,application code; preserve public API behavior and compatibility facades
src/ai_model_serving/contracts/embedding.py,src,application/control-plane source,api-contracts,managed by package source layout,4965,105,python-source,application code; preserve public API behavior and compatibility facades
src/ai_model_serving/contracts/media.py,src,application/control-plane source,api-contracts,managed by package source layout,8466,191,python-source,application code; preserve public API behavior and compatibility facades
src/ai_model_serving/contracts/risk.py,src,application/control-plane source,api-contracts,managed by package source layout,8290,164,python-source,application code; preserve public API behavior and compatibility facades
src/ai_model_serving/docs_ui.py,src,application/control-plane source,application,managed by package source layout,1002,32,python-source,application code; preserve public API behavior and compatibility facades
src/ai_model_serving/domain/__init__.py,src,application/control-plane source,domain-registry,managed by package source layout,645,29,python-source,registry/domain code; monitor size as projections grow
src/ai_model_serving/domain/model_registry.py,src,application/control-plane source,domain-registry,managed by package source layout,23962,577,python-source,registry/domain code; monitor size as projections grow
src/ai_model_serving/domain/projections.py,src,application/control-plane source,domain-registry,managed by package source layout,12076,265,python-source,registry/domain code; monitor size as projections grow
src/ai_model_serving/errors.py,src,application/control-plane source,application,managed by package source layout,2368,87,python-source,application code; preserve public API behavior and compatibility facades
src/ai_model_serving/governance_validation/__init__.py,src,application/control-plane source,governance-validation,managed by package source layout,101,5,python-source,application code; preserve public API behavior and compatibility facades
src/ai_model_serving/governance_validation/cli.py,src,application/control-plane source,governance-validation,managed by package source layout,3605,109,python-source,application code; preserve public API behavior and compatibility facades
src/ai_model_serving/governance_validation/common.py,src,application/control-plane source,governance-validation,managed by package source layout,7568,197,python-source,application code; preserve public API behavior and compatibility facades
src/ai_model_serving/governance_validation/docs_ops.py,src,application/control-plane source,governance-validation,managed by package source layout,39822,594,python-source,application code; preserve public API behavior and compatibility facades
src/ai_model_serving/governance_validation/filesystem.py,src,application/control-plane source,governance-validation,managed by package source layout,1191,45,python-source,application code; preserve public API behavior and compatibility facades
src/ai_model_serving/governance_validation/model_config.py,src,application/control-plane source,governance-validation,managed by package source layout,18476,300,python-source,application code; preserve public API behavior and compatibility facades
src/ai_model_serving/governance_validation/monitoring_dashboards.py,src,application/control-plane source,governance-validation,managed by package source layout,3904,69,python-source,application code; preserve public API behavior and compatibility facades
src/ai_model_serving/governance_validation/release_runtime.py,src,application/control-plane source,governance-validation,managed by package source layout,16382,323,python-source,application code; preserve public API behavior and compatibility facades
src/ai_model_serving/governance_validation/schemas.py,src,application/control-plane source,governance-validation,managed by package source layout,13033,231,python-source,application code; preserve public API behavior and compatibility facades
src/ai_model_serving/governance_validation/versioning.py,src,application/control-plane source,governance-validation,managed by package source layout,5856,127,python-source,application code; preserve public API behavior and compatibility facades
src/ai_model_serving/live_evidence.py,src,application/control-plane source,application,managed by package source layout,10295,280,python-source,application code; preserve public API behavior and compatibility facades
src/ai_model_serving/logging_policy.py,src,application/control-plane source,application,managed by package source layout,2753,109,python-source,application code; preserve public API behavior and compatibility facades
src/ai_model_serving/metrics.py,src,application/control-plane source,application,managed by package source layout,10132,233,python-source,application code; preserve public API behavior and compatibility facades
src/ai_model_serving/middleware.py,src,application/control-plane source,application,managed by package source layout,3047,93,python-source,application code; preserve public API behavior and compatibility facades
src/ai_model_serving/monitoring_projection.py,src,application/control-plane source,application,managed by package source layout,10357,214,python-source,application code; preserve public API behavior and compatibility facades
src/ai_model_serving/openapi_contracts.py,src,application/control-plane source,application,managed by package source layout,8467,182,python-source,application code; preserve public API behavior and compatibility facades
src/ai_model_serving/operator_reports.py,src,application/control-plane source,application,managed by package source layout,3739,85,python-source,application code; preserve public API behavior and compatibility facades
src/ai_model_serving/operator_status.py,src,application/control-plane source,application,managed by package source layout,11507,231,python-source,application code; preserve public API behavior and compatibility facades
src/ai_model_serving/project_inventory.py,src,application/control-plane source,application,managed by package source layout,11326,242,python-source,application code; preserve public API behavior and compatibility facades
src/ai_model_serving/risk.py,src,application/control-plane source,application,managed by package source layout,4865,133,python-source,application code; preserve public API behavior and compatibility facades
src/ai_model_serving/risk_input.py,src,application/control-plane source,application,managed by package source layout,1328,38,python-source,application code; preserve public API behavior and compatibility facades
src/ai_model_serving/runtime_validation/__init__.py,src,application/control-plane source,runtime-validation,managed by package source layout,550,22,python-source,application code; preserve public API behavior and compatibility facades
src/ai_model_serving/runtime_validation/cli.py,src,application/control-plane source,runtime-validation,managed by package source layout,3655,50,python-source,application code; preserve public API behavior and compatibility facades
src/ai_model_serving/runtime_validation/config.py,src,application/control-plane source,runtime-validation,managed by package source layout,4643,113,python-source,application code; preserve public API behavior and compatibility facades
src/ai_model_serving/runtime_validation/config_checks.py,src,application/control-plane source,runtime-validation,managed by package source layout,10413,201,python-source,application code; preserve public API behavior and compatibility facades
src/ai_model_serving/runtime_validation/constants.py,src,application/control-plane source,runtime-validation,managed by package source layout,228,13,python-source,application code; preserve public API behavior and compatibility facades
src/ai_model_serving/runtime_validation/env.py,src,application/control-plane source,runtime-validation,managed by package source layout,659,21,python-source,application code; preserve public API behavior and compatibility facades
src/ai_model_serving/runtime_validation/gpu_checks.py,src,application/control-plane source,runtime-validation,managed by package source layout,1033,24,python-source,application code; preserve public API behavior and compatibility facades
src/ai_model_serving/runtime_validation/http_client.py,src,application/control-plane source,runtime-validation,managed by package source layout,4540,114,python-source,application code; preserve public API behavior and compatibility facades
src/ai_model_serving/runtime_validation/live_checks.py,src,application/control-plane source,runtime-validation,managed by package source layout,9384,163,python-source,application code; preserve public API behavior and compatibility facades
src/ai_model_serving/runtime_validation/reporting.py,src,application/control-plane source,runtime-validation,managed by package source layout,2063,63,python-source,application code; preserve public API behavior and compatibility facades
src/ai_model_serving/runtime_validation/results.py,src,application/control-plane source,runtime-validation,managed by package source layout,375,18,python-source,application code; preserve public API behavior and compatibility facades
src/ai_model_serving/runtime_validation/soak.py,src,application/control-plane source,runtime-validation,managed by package source layout,2615,46,python-source,application code; preserve public API behavior and compatibility facades
src/ai_model_serving/runtime_validation/validator.py,src,application/control-plane source,runtime-validation,managed by package source layout,8253,167,python-source,application code; preserve public API behavior and compatibility facades
src/ai_model_serving/runtime_validation/vllm_commands.py,src,application/control-plane source,runtime-validation,managed by package source layout,2584,67,python-source,application code; preserve public API behavior and compatibility facades
src/ai_model_serving/security.py,src,application/control-plane source,application,managed by package source layout,1861,55,python-source,application code; preserve public API behavior and compatibility facades
src/ai_model_serving/services/__init__.py,src,application/control-plane source,application,managed by package source layout,56,1,python-source,application code; preserve public API behavior and compatibility facades
src/ai_model_serving/services/gateway_service.py,src,application/control-plane source,application,managed by package source layout,10461,235,python-source,application code; preserve public API behavior and compatibility facades
src/ai_model_serving/services/readiness.py,src,application/control-plane source,application,managed by package source layout,2258,61,python-source,application code; preserve public API behavior and compatibility facades
src/ai_model_serving/services/risk_assessment.py,src,application/control-plane source,application,managed by package source layout,5696,133,python-source,application code; preserve public API behavior and compatibility facades
src/ai_model_serving/settings.py,src,application/control-plane source,application,managed by package source layout,7308,156,python-source,application code; preserve public API behavior and compatibility facades
src/ai_model_serving/settings_parts/__init__.py,src,application/control-plane source,application,managed by package source layout,278,6,python-source,application code; preserve public API behavior and compatibility facades
src/ai_model_serving/settings_parts/env.py,src,application/control-plane source,application,managed by package source layout,2747,94,python-source,application code; preserve public API behavior and compatibility facades
src/ai_model_serving/settings_parts/runtime_endpoints.py,src,application/control-plane source,application,managed by package source layout,4618,93,python-source,application code; preserve public API behavior and compatibility facades
src/ai_model_serving/settings_parts/security.py,src,application/control-plane source,application,managed by package source layout,3827,77,python-source,application code; preserve public API behavior and compatibility facades
src/ai_model_serving/settings_parts/types.py,src,application/control-plane source,application,managed by package source layout,1985,66,python-source,application code; preserve public API behavior and compatibility facades
src/ai_model_serving/status.py,src,application/control-plane source,application,managed by package source layout,747,25,python-source,application code; preserve public API behavior and compatibility facades
src/ai_model_serving/storage_paths.py,src,application/control-plane source,application,managed by package source layout,5886,143,python-source,application code; preserve public API behavior and compatibility facades
src/ai_model_serving/upstream.py,src,application/control-plane source,application,managed by package source layout,10181,219,python-source,application code; preserve public API behavior and compatibility facades
src/ai_model_serving/validation.py,src,application/control-plane source,application,managed by package source layout,1577,52,python-source,application code; preserve public API behavior and compatibility facades
tests/conftest.py,tests,test suite,quality,managed by test strategy,1832,52,python-source,test coverage; keep deterministic and avoid live GPU dependency
tests/contract/README.md,tests,test suite,quality,managed by test strategy,525,19,documentation,test coverage; keep deterministic and avoid live GPU dependency
tests/contract/test_governance_and_ops.py,tests,test suite,quality,managed by test strategy,20407,414,python-source,test coverage; keep deterministic and avoid live GPU dependency
tests/contract/test_korean_documentation_hygiene.py,tests,test suite,quality,managed by test strategy,3653,89,python-source,test coverage; keep deterministic and avoid live GPU dependency
tests/contract/test_openapi_refs.py,tests,test suite,quality,managed by test strategy,3074,68,python-source,test coverage; keep deterministic and avoid live GPU dependency
tests/contract/test_openapi_snapshot_diff.py,tests,test suite,quality,managed by test strategy,192,7,python-source,test coverage; keep deterministic and avoid live GPU dependency
tests/contract/test_release_hygiene.py,tests,test suite,quality,managed by test strategy,18657,367,python-source,test coverage; keep deterministic and avoid live GPU dependency
tests/contract/test_risk_schema.py,tests,test suite,quality,managed by test strategy,2242,73,python-source,test coverage; keep deterministic and avoid live GPU dependency
tests/contract/test_runtime_policy.py,tests,test suite,quality,managed by test strategy,11891,222,python-source,test coverage; keep deterministic and avoid live GPU dependency
tests/integration/README.md,tests,test suite,quality,managed by test strategy,507,14,documentation,test coverage; keep deterministic and avoid live GPU dependency
tests/unit/test_auth_control.py,tests,test suite,quality,managed by test strategy,3419,92,python-source,test coverage; keep deterministic and avoid live GPU dependency
tests/unit/test_auth_plan.py,tests,test suite,quality,managed by test strategy,1745,46,python-source,test coverage; keep deterministic and avoid live GPU dependency
tests/unit/test_check_hf_model_config.py,tests,test suite,quality,managed by test strategy,1129,29,python-source,test coverage; keep deterministic and avoid live GPU dependency
tests/unit/test_gateway_app.py,tests,test suite,quality,managed by test strategy,37570,932,python-source,test coverage; keep deterministic and avoid live GPU dependency
tests/unit/test_governance_validation_package.py,tests,test suite,quality,managed by test strategy,1118,36,python-source,test coverage; keep deterministic and avoid live GPU dependency
tests/unit/test_model_registry.py,tests,test suite,quality,managed by test strategy,6707,153,python-source,test coverage; keep deterministic and avoid live GPU dependency
tests/unit/test_modelctl.py,tests,test suite,quality,managed by test strategy,2883,89,python-source,test coverage; keep deterministic and avoid live GPU dependency
tests/unit/test_openapi_contracts.py,tests,test suite,quality,managed by test strategy,6466,136,python-source,test coverage; keep deterministic and avoid live GPU dependency
tests/unit/test_risk_adapter_app.py,tests,test suite,quality,managed by test strategy,15254,345,python-source,test coverage; keep deterministic and avoid live GPU dependency
tests/unit/test_risk_vllm_image_script.py,tests,test suite,quality,managed by test strategy,3158,85,python-source,test coverage; keep deterministic and avoid live GPU dependency
tests/unit/test_risk_vllm_patch_lifecycle.py,tests,test suite,quality,managed by test strategy,2785,69,python-source,test coverage; keep deterministic and avoid live GPU dependency
tests/unit/test_runtime_validation_package.py,tests,test suite,quality,managed by test strategy,13824,331,python-source,test coverage; keep deterministic and avoid live GPU dependency
tests/unit/test_settings.py,tests,test suite,quality,managed by test strategy,10919,262,python-source,test coverage; keep deterministic and avoid live GPU dependency
tests/unit/test_setup_env.py,tests,test suite,quality,managed by test strategy,5861,149,python-source,test coverage; keep deterministic and avoid live GPU dependency
tests/unit/test_upstream.py,tests,test suite,quality,managed by test strategy,1608,49,python-source,test coverage; keep deterministic and avoid live GPU dependency
version_manifest.json,version_manifest.json,project metadata,project-maintenance,managed by root project metadata,5937,53,structured-data,supporting project file
